"","baseMean","log2FoldChange","lfcSE","stat","pvalue","padj"
"Fungi_Ascomycota_Leotiomycetes_Thelebolales_Pseudeurotiaceae_Pseudeurotium_Pseudeurotium_hygrophilum_cf005d300eaf8f03577c045c5da8a043",4.46798297924769,0.0432276333702787,0.4378847770988,0.0987191965354054,0.921361226685238,0.99621672395939
"Fungi_Ascomycota_Eurotiomycetes_Eurotiales_Aspergillaceae_Aspergillus_Aspergillus_ruber_cc0d1aa8c0fbfb0d12569d738348e716",874.206075704653,0.00659034076816188,0.33437332944314,0.0197095288046368,0.984275089370284,0.99621672395939
"Fungi_Ascomycota_Sordariomycetes_Hypocreales_Nectriaceae_Fusarium_Fusarium_equiseti_215338aaf2fb5b1c1466cb60b729950e",841.644914292663,0.0365671170329919,0.391346880008462,0.0934391428703895,0.9255546950122,0.99621672395939
"Fungi_unclassified_unclassified_unclassified_unclassified_unclassified_unclassified_b373d0b28cdca8bdb8fa8e8fab8c494e",382.601377779561,-0.0840053528239385,0.712072079673117,-0.117973103035443,0.906088969699571,0.990895326469481
"Fungi_Ascomycota_Pezizomycetes_Pezizales_Ascobolaceae_Ascobolus_Ascobolus_sp_32db07028d938bc49b91054972d504d0",401.093637942223,-0.154323089860364,0.474880877023214,-0.324972213721759,0.745202101545868,0.89566540669807
"Fungi_Ascomycota_Sordariomycetes_Sordariales_Chaetomiaceae_Botryotrichum_Botryotrichum_atrogriseum_66366195ccb0e50fb1681ebf6da1d0ec",242.802862576937,-0.236736524633747,0.383557374567346,-0.617212809167823,0.537094367998777,0.790352285181285
"Fungi_Ascomycota_Dothideomycetes_Pleosporales_Sporormiaceae_Preussia_Preussia_terricola_0d508cf0069dec81f9e6fd6bf8ec542c",250.988716057522,-0.280882145489623,0.2776208033005,-1.01174747047177,0.311658811915051,0.586341154619843
"Fungi_Ascomycota_Pezizomycetes_Pezizales_Pyronemataceae_Trichophaeopsis_Trichophaeopsis_sp_281a17fe0deceafed1b225151fb585f6",209.273403439268,1.07760694843811,0.596561190099002,1.80636448753778,0.0708614248548537,0.221566708701092
"Fungi_Ascomycota_Sordariomycetes_Hypocreales_Hypocreales_fam_Incertae_sedis_Hypocreales_gen_Incertae_sedis_Hypocreales_sp_40ea8008fbdbba04d7b6996dad4cf0f3",126.570931362856,-0.488456450104017,0.658854397255759,-0.741372376261768,0.458467688787697,0.725803506418407
"Fungi_Ascomycota_Eurotiomycetes_Eurotiales_Aspergillaceae_Aspergillus_unclassified_3ecc0270390f6c66a29c6ce70e22993a",138.750878267279,-0.205428914833387,0.400829452639196,-0.512509531125455,0.608294451499404,0.823750064224801
"Fungi_unclassified_unclassified_unclassified_unclassified_unclassified_unclassified_f6bf1fecdda38d7d895fe1e45209366d",151.798949476336,0.850357648905356,0.889532479936355,0.955960201662562,0.33909234182566,0.6185323374785
"Fungi_Ascomycota_Sordariomycetes_Branch06_Branch06_fam_Incertae_sedis_Branch06_gen_Incertae_sedis_Branch06_sp_d798e6cdf3f3fce061e27c38e25a394d",108.07879992216,0.958090573203184,0.933846847841129,1.02596113636631,0.304909903262706,0.580020595861183
"Fungi_Ascomycota_Sordariomycetes_Hypocreales_Stachybotryaceae_Stachybotrys_Stachybotrys_chartarum_eb085739f088ae86379d5c8fd616e11a",130.030938055017,-0.304156718657207,0.282317932366768,-1.07735529269202,0.281321569007078,0.554749935601689
"Fungi_Mortierellomycota_Mortierellomycetes_Mortierellales_Mortierellaceae_Mortierella_Mortierella_polycephala_779b455103c81b47872711d49f05c0be",116.939768995502,-0.281089358239239,0.31799493613682,-0.883942875487481,0.376727050574428,0.653385978340023
"Fungi_Ascomycota_Sordariomycetes_Sordariales_Chaetomiaceae_Chaetomium_Chaetomium_cervicicola_baa7f0d2c74e3f154cb90f2bfb185b3d",49.1769729648267,-0.344067317305594,0.535066223543236,-0.643036884345198,0.520200166853777,0.780300250280665
"Fungi_Ascomycota_Sordariomycetes_Sordariales_Chaetomiaceae_Hyalosphaerella_Hyalosphaerella_fragilis_a15adea148d395a2af800de785689521",96.6496386186591,-0.592736965825011,0.317666859700129,-1.86590746791951,0.0620543126030389,0.210351689266996
"Fungi_Ascomycota_Sordariomycetes_Xylariales_Diatrypaceae_Monosporascus_unclassified_456615ec3765a33926726403a24e8e3a",66.2340649889286,-0.237754114746614,0.94078776846675,-0.252718118491372,0.800486045735085,0.924960258182124
"Fungi_Ascomycota_Sordariomycetes_Hypocreales_Nectriaceae_unclassified_unclassified_752c804ed74473d63a28a1f0959ece39",114.064298741,-0.760306589943681,0.594979332874159,-1.27787058799316,0.201295060151668,0.442450528254161
"Fungi_Ascomycota_Sordariomycetes_Sordariales_Chaetomiaceae_Subramaniula_Subramaniula_thielavioides_c0ca333b82f730059feebd24b43d7972",87.1707482617897,-0.132826230782636,0.291382623476771,-0.455848153186888,0.648499174547009,0.856945337794262
"Fungi_Ascomycota_Sordariomycetes_Sordariales_Chaetomiaceae_Acrophialophora_Acrophialophora_jodhpurensis_80e9118eb4a31b37bff24fb85108f8e2",64.2413263548556,-0.639193337356009,0.463415896622281,-1.37930818086933,0.167799755266053,0.396293039032593
"Fungi_Ascomycota_Eurotiomycetes_Eurotiales_Aspergillaceae_Aspergillus_Aspergillus_terreus_107d7f29f9a85d2899355fd8184504f0",77.1378177363237,-0.295820000151722,0.509972447847416,-0.580070553615931,0.561867040242126,0.799580018806102
"Fungi_Ascomycota_Dothideomycetes_Pleosporales_Pleosporaceae_Curvularia_Curvularia_mebaldsii_2495576c942c0b8f99d73e364268a0d9",110.850044695349,-0.64775851074136,0.350398803205136,-1.84863220084156,0.0645109397141233,0.210609244360814
"Fungi_unclassified_unclassified_unclassified_unclassified_unclassified_unclassified_72e0e850ed800f454c0ead07b8aee884",89.5983814136207,-0.834483147207263,1.04211383622438,-0.800760068814199,0.423270560036975,0.696044920949693
"Fungi_unclassified_unclassified_unclassified_unclassified_unclassified_unclassified_2908d4e357dce29580db77bfea7b6a48",70.3738385853215,0.129876158468553,1.03444781516582,0.125551194139004,0.900087198568119,0.989204742980804
"Fungi_unclassified_unclassified_unclassified_unclassified_unclassified_unclassified_95f3c43d644ee659e8266e1c4c9ee642",78.6697728062218,0.988248334763702,0.655731837290035,1.5070921961756,0.131787026818834,0.336284137399784
"Fungi_Ascomycota_Dothideomycetes_Pleosporales_Pleosporaceae_Alternaria_unclassified_1a061860efe2fd1091f90de83d82ff4d",87.521843931864,0.55858994759505,0.858726395485874,0.650486523450808,0.515378004056981,0.778325965310542
"Fungi_Ascomycota_Sordariomycetes_Sordariales_Sordariaceae_unclassified_unclassified_e44576938f7308623896e3cc195e0d53",66.040608685854,-0.818034576314848,0.854863820380845,-0.956917998881284,0.338608645708745,0.6185323374785
"Fungi_Ascomycota_Dothideomycetes_Pleosporales_unclassified_unclassified_unclassified_c5e068be2668e67b64c83f3503976c92",48.7398719276197,-0.497666122763037,0.31139826661109,-1.59816600194689,0.110006037884787,0.305266755130283
"Fungi_Ascomycota_Sordariomycetes_Sordariales_Lasiosphaeriaceae_Schizothecium_Schizothecium_inaequale_2ded4ab4778f5c3fdbb213b17ac22349",62.33553836511,0.306831520117131,0.419247679870025,0.73186217801433,0.464252693294657,0.725803506418407
"Fungi_Ascomycota_Sordariomycetes_Sordariales_unclassified_unclassified_unclassified_b1709734b7dcde8d041339c8d3507f1e",36.292748365018,1.95653300372809,0.963230188841463,2.03122060167294,0.0422326214243213,0.170466217385442
"Fungi_Ascomycota_Sordariomycetes_Hypocreales_Hypocreales_fam_Incertae_sedis_Acremonium_Acremonium_persicinum_51121d174235724d93d9ad2496a65689",59.435620808292,-0.283514295174185,0.475371230595124,-0.596406086290182,0.550903975531011,0.79935086645676
"Fungi_Ascomycota_Pezizomycetes_Pezizales_Ascobolaceae_Ascobolus_Ascobolus_sp_b91d6310355ef9aadd0485f95502e441",66.0091987388033,-1.20256915930063,0.503754718921152,-2.38721170071829,0.016976712200325,0.0938792209290464
"Fungi_Ascomycota_Sordariomycetes_Sordariales_Sordariaceae_unclassified_unclassified_35c351e1f2a05ba247a822b85fb2f2fd",53.8574140633419,-1.30015654717137,0.836663919510295,-1.55397707114269,0.120189886005779,0.321471743292564
"Fungi_Ascomycota_Sordariomycetes_Sordariales_Chaetomiaceae_Allocanariomyces_Allocanariomyces_tritici_b836e22d01ed6a62b260f01262127a38",45.7151049171593,-0.646186617758406,0.412502067851181,-1.56650515990027,0.117230401551949,0.317379867616253
"Fungi_Ascomycota_Sordariomycetes_Hypocreales_Hypocreales_fam_Incertae_sedis_Hypocreales_gen_Incertae_sedis_Hypocreales_sp_677f39cb0b5f073bab4e5b5ceb33d96f",30.5855965747435,1.81918723805942,0.846011166923185,2.15031114148946,0.0315306116949685,0.13999591592566
"Fungi_Ascomycota_Dothideomycetes_Pleosporales_Sporormiaceae_Sporormia_Sporormia_sp_d6f397d83d1695a6493662475a7808af",27.0279543068327,-0.852909582832625,0.767806746603487,-1.11083887528418,0.266637709720954,0.553210949140672
"Fungi_Ascomycota_Sordariomycetes_Sordariales_Chaetomiaceae_unclassified_unclassified_6d4c8253e4fc945fe2bdca5b551c32e7",42.4886067823224,-0.214117722827348,0.40608887651335,-0.527268130724849,0.598007402112657,0.823750064224801
"Fungi_Ascomycota_Sordariomycetes_Sordariales_unclassified_unclassified_unclassified_0712f4c204fb2be1538e6783b0a5ff89",39.8579584709595,-0.867132254913604,0.469055060877815,-1.84867902990068,0.064504173452161,0.210609244360814
"Fungi_unclassified_unclassified_unclassified_unclassified_unclassified_unclassified_a6a6a20bc1b2713ee2bae77a856e8fc5",66.8457508668177,1.73348799074024,0.986119787822532,1.75788784704137,0.078766594056343,0.242863665007058
"Fungi_Ascomycota_Sordariomycetes_Branch06_Branch06_fam_Incertae_sedis_Branch06_gen_Incertae_sedis_Branch06_sp_69b141cd10b5f2821df20410a28eeb20",17.1996171457009,-0.055130951194652,0.727776423619052,-0.0757525929742261,0.93961593301885,0.99621672395939
"Fungi_Ascomycota_Dothideomycetes_Pleosporales_Sporormiaceae_Preussia_Preussia_sp_f74763de17c09920e4ec24527d682557",44.7744146716813,-0.184937597326931,0.438687370831142,-0.421570370208164,0.673338637165591,0.874158932460592
"Fungi_Ascomycota_Sordariomycetes_Sordariales_Lasiosphaeriaceae_Schizothecium_Schizothecium_inaequale_7f84f2f14c7148135a8971e97ab29414",36.8813871802135,-0.149298541943408,0.708933212548391,-0.210596060814709,0.833202486394664,0.948568984510848
"Fungi_unclassified_unclassified_unclassified_unclassified_unclassified_unclassified_72196ab3fae4e881542aca53b57891ba",10.9722769860837,0.00441327593756639,0.930746659879647,0.00474165111496298,0.99621672395939,0.99621672395939
"Fungi_Ascomycota_Sordariomycetes_Hypocreales_Nectriaceae_Fusarium_unclassified_291daa9a07a675ca47bbcd36a568689b",30.8960188550075,-0.323432921049523,0.52465003610304,-0.616473646798724,0.537581959740424,0.790352285181285
"Fungi_Ascomycota_Sordariomycetes_Sordariales_Chaetomiaceae_Chaetomium_unclassified_a7b313d891107fbee374ecc6ded2a6db",36.4180607960294,0.0689894445041562,0.508346358301279,0.135713462637355,0.892047804547192,0.985246828902869
"Fungi_Ascomycota_Sordariomycetes_Hypocreales_Nectriaceae_Fusarium_Fusarium_fujikuroi_9823d03cf21ee6bea8cd5345c3abda63",30.2232988019097,1.96273696393623,0.846771517837234,2.31790621506652,0.0204544186058977,0.103201839329756
"Fungi_Ascomycota_Sordariomycetes_Hypocreales_Nectriaceae_unclassified_unclassified_dc7382b8baeb332732be90d53df52c6e",22.1218464419808,-1.95435462590811,0.734566828003258,-2.66055388210294,0.0078012243975323,0.0575204927815752
"Fungi_Glomeromycota_Glomeromycetes_Glomerales_Glomeraceae_Funneliformis_Funneliformis_mosseae_a9f2968ee14309e36e2d708d0aa22fcb",12.7219270295086,1.28682031200187,0.877484097998699,1.46648846963353,0.142515260155266,0.355487502859202
"Fungi_Ascomycota_Sordariomycetes_Microascales_Microascaceae_Scedosporium_Scedosporium_boydii_4c1409f3ec03f348b9565da49f9b01cb",12.4493771042523,-3.18650023116544,0.773052233976103,-4.12197273498074,3.75641668792773e-05,0.00359609131574214
"Fungi_Ascomycota_Sordariomycetes_Sordariales_Chaetomiaceae_Acrophialophora_Acrophialophora_sp_4fe643f045608e94db26815d9b65422e",30.2651274902859,-1.53605655591862,0.883772366990843,-1.73806809682083,0.0821988155590963,0.248066802162946
"Fungi_Ascomycota_Sordariomycetes_Hypocreales_Nectriaceae_Fusarium_Fusarium_equiseti_7e870910d95b7f139562f3358ce36d18",53.7797331702536,1.95700305787793,1.04480484641419,1.87307999632126,0.061057339196682,0.210351689266996
"Fungi_Ascomycota_Sordariomycetes_Microascales_Microascaceae_Enterocarpus_Enterocarpus_grenotii_ba09c722d6bf2c97d098f0d3db863f4c",18.4724440346419,-0.478718222494663,0.354189738390674,-1.3515869337994,0.176507492521648,0.408173576456311
"Fungi_Ascomycota_Sordariomycetes_Sordariales_Chaetomiaceae_unclassified_unclassified_4ba25a2778488728fb114b8f15ae8924",25.9778485526525,-0.330724960944125,0.61624434464079,-0.536678289740582,0.591489854932999,0.823750064224801
"Fungi_Ascomycota_Sordariomycetes_Hypocreales_Hypocreales_fam_Incertae_sedis_Hypocreales_gen_Incertae_sedis_Hypocreales_sp_dc0dc02f5ef43ca3847a8f849a496016",13.0537414409927,-0.0836655139576433,0.877839546978842,-0.0953084356310731,0.924069842493233,0.99621672395939
"Fungi_Ascomycota_Sordariomycetes_Sordariales_Lasiosphaeriaceae_Schizothecium_unclassified_b507e13497e2a6f98e3dd5b7b2672171",37.2984496163907,-0.15784572398864,0.624129166263491,-0.252905540264404,0.800341208110672,0.924960258182124
"Fungi_Ascomycota_Sordariomycetes_Branch06_Branch06_fam_Incertae_sedis_Branch06_gen_Incertae_sedis_Branch06_sp_bee891f9fa6a42e81089047930a19ed5",8.77538563954906,1.14385356803282,0.754352301408502,1.51633867345145,0.129433737423741,0.334119647768262
"Fungi_Ascomycota_unclassified_unclassified_unclassified_unclassified_unclassified_1e9048af1082f6a89f87019be9303023",19.2266625609298,0.464326633992337,0.916068144053591,0.506869098119378,0.612246669356271,0.823750064224801
"Fungi_unclassified_unclassified_unclassified_unclassified_unclassified_unclassified_4026253564bfc3341c2172f0811c92c6",6.61720069106313,-0.0392776234186745,0.752627272411451,-0.0521873507092392,0.958379411871255,0.99621672395939
"Fungi_unclassified_unclassified_unclassified_unclassified_unclassified_unclassified_7de0f3867de06fe07f3694dbe10b7f32",6.59261700659632,-0.258357746464693,0.747163151501875,-0.345784914506781,0.729504363110892,0.89475120779347
"Fungi_Ascomycota_Sordariomycetes_Sordariales_Chaetomiaceae_Acrophialophora_Acrophialophora_fusispora_3fda4e2d39ac5f8bc37245b7a47531ce",11.1170950242548,0.584882165709519,0.797539111875234,0.733358598971152,0.463339743289101,0.725803506418407
"Fungi_Ascomycota_Sordariomycetes_Hypocreales_Stachybotryaceae_Albifimbria_Albifimbria_verrucaria_6b7a936f14e93d71e00a46a6c4062ee2",12.5868164583558,1.36086317827819,0.747788263349102,1.81985094575211,0.0687817069276322,0.218136270541919
"Fungi_Ascomycota_Sordariomycetes_Sordariales_Podosporaceae_Podosporaceae_gen_Incertae_sedis_Podosporaceae_sp_b6112ab0cbf794f7a2a2f776878bd37f",1.25563960785691,0.503983901915519,0.546453866941513,0.922280785999929,0.356382133581346,0.633648954314696
"Fungi_Ascomycota_Sordariomycetes_Sordariales_Chaetomiaceae_Chaetomium_unclassified_70052593f4ccecce2d1079fcb8e20edd",22.104379777653,-0.564377059378861,0.516093136228251,-1.09355660783145,0.274149489031533,0.554433928580845
"Fungi_Basidiomycota_Agaricomycetes_Cantharellales_Ceratobasidiaceae_Thanatephorus_unclassified_168b7087ff5587e329140638f41ea137",16.1458384510898,-0.301466026056634,0.768940838890115,-0.39205360257854,0.695018608487668,0.880863860334767
"Fungi_Ascomycota_Sordariomycetes_Xylariales_Xylariaceae_Ascotricha_Ascotricha_guamensis_f598dd2c35a26b38462ace9fa0ae80e4",12.5540212088106,-0.492164363381096,0.51571453976033,-0.954334860540915,0.33991416744314,0.6185323374785
"Fungi_unclassified_unclassified_unclassified_unclassified_unclassified_unclassified_99efce9656ff9756cdc469b589eed53b",7.55930161187923,-1.94105888153039,0.804540775342166,-2.41262959071884,0.01583790605782,0.0935299108753762
"Fungi_unclassified_unclassified_unclassified_unclassified_unclassified_unclassified_da3ba9132949ff5755979100a5abe50b",3.15233542719212,2.15067528694448,0.62263067430795,3.45417496389002,0.00055197914266524,0.00911799596756519
"Fungi_Ascomycota_Sordariomycetes_Hypocreales_Hypocreales_fam_Incertae_sedis_Acremonium_Acremonium_sclerotigenum_7dc7bd97d9ee8c14bebb3acce7cd6c2f",25.0459992436822,1.56690441507196,0.663421433437511,2.36185377212349,0.0181838130628333,0.0938792209290464
"Fungi_Ascomycota_Dothideomycetes_Pleosporales_Sporormiaceae_unclassified_unclassified_b00ac03587600b6303a38b88ba8c8ef2",13.6783545644908,2.25999489896508,0.832431897016578,2.71493068329657,0.00662896436922074,0.0525582174988216
"Fungi_Mortierellomycota_Mortierellomycetes_Mortierellales_Mortierellaceae_unclassified_unclassified_0056736d8b93aa02956e410e559e03a6",17.2485877307824,-0.345980661758437,0.427908616178621,-0.808538666148324,0.418780556511388,0.696044920949693
"Fungi_Ascomycota_Sordariomycetes_Sordariales_Neoschizotheciaceae_Neoschizothecium_Neoschizothecium_curvisporum_a27b2f3136cbcfa2fcba5c9bc97f19d1",18.9435568133298,-0.298301357260188,0.483286639907469,-0.617234851179211,0.537079831302066,0.790352285181285
"Fungi_Ascomycota_Sordariomycetes_Sordariales_Chaetomiaceae_Chaetomium_Chaetomium_cervicicola_5b4b69dc0b4d821528a28461b0d8e28c",1.57922877987215,-0.122641393827154,0.683045931065676,-0.179550727483013,0.857505289663102,0.961445324773781
"Fungi_Ascomycota_Dothideomycetes_Capnodiales_Cladosporiaceae_Cladosporium_unclassified_226ded8c73006c34d56970a66bd86cb1",15.511685594602,2.55085054426255,0.7370334054183,3.46097005306677,0.000538232682510337,0.00911799596756519
"Fungi_Ascomycota_Eurotiomycetes_Onygenales_Arachnomycetaceae_Arachnomyces_Arachnomyces_pilosus_774f24b86f439b1017e45381b2907628",4.92811637279582,-0.546770605878899,0.679869660276526,-0.804228571777286,0.421264980670255,0.696044920949693
"Fungi_unclassified_unclassified_unclassified_unclassified_unclassified_unclassified_7b73f573f34a5cb423d321b896c75968",1.78887708848669,-0.48008019675216,0.628414831688646,-0.763954274379731,0.444894492145267,0.720923921578463
"Fungi_Ascomycota_Sordariomycetes_Microascales_Microascaceae_Canariomyces_Canariomyces_arenarius_3beb817f7862a04358f2cddb1fe0f92a",9.26131563509987,0.966722994256784,0.633101018424207,1.52696483834912,0.126769755015275,0.331092771922247
"Fungi_Ascomycota_Sordariomycetes_Sordariales_Chaetomiaceae_Amesia_Amesia_atrobrunnea_86ab26fc9559b6afb4523a326e3758a8",11.8962465440881,-0.0263955424258321,0.514807703064664,-0.0512726252320989,0.959108281304487,0.99621672395939
"Fungi_Ascomycota_Leotiomycetes_Helotiales_Myxotrichaceae_Myxotrichum_Myxotrichum_deflexum_b11ed5999ca8e42774fa1f979589d79b",6.67326159232789,-0.544162963388818,0.50078113721752,-1.0866283151405,0.277201106155157,0.554433928580845
"Fungi_Ascomycota_Sordariomycetes_Hypocreales_Nectriaceae_Paracremonium_Paracremonium_inflatum_0d08341a4ed049ed9afefb928b1fcb96",7.24893363770003,0.848072384900746,0.646488676952054,1.31181320746263,0.189583167511945,0.428251243590065
"Fungi_Ascomycota_Dothideomycetes_Pleosporales_Pleosporaceae_Curvularia_Curvularia_arcana_f7097410bdc5b2494a59cf53befb39fc",12.1506344645142,0.43594795770804,0.792619222138629,0.550009317881258,0.582312982572831,0.818186595766889
"Fungi_Ascomycota_Dothideomycetes_Pleosporales_Pleosporaceae_Alternaria_Alternaria_sp_0d28e1bb97e7e89fd3c7d1f88af77000",12.8265551564907,-0.615671282484512,0.677583616322993,-0.908627758483214,0.363546648950731,0.640534571960812
"Fungi_Ascomycota_Sordariomycetes_Sordariales_Lasiosphaeriaceae_Zygopleurage_Zygopleurage_sp_eccdc8504c3be0a0317f855aa4da23a2",9.16924043396075,-1.73826085684938,0.655770373409075,-2.65071574949763,0.00803214088391366,0.0575204927815752
"Fungi_Ascomycota_Sordariomycetes_Branch06_Branch06_fam_Incertae_sedis_Branch06_gen_Incertae_sedis_Branch06_sp_503a3f4de445493535f9fd4491b7ac2e",1.88823549651433,-0.308148263790466,0.523046063865021,-0.589141731635299,0.555766200916462,0.799580018806102
"Fungi_Basidiomycota_Tremellomycetes_Filobasidiales_Filobasidiaceae_Naganishia_Naganishia_albida_ced2c34c85c5e48afbb81480c37b38d4",11.9099291286224,3.05461023105706,0.817128096380067,3.73822690051803,0.000185322656704474,0.00657971819455408
"Fungi_Ascomycota_Dothideomycetes_Capnodiales_Cladosporiaceae_Cladosporium_unclassified_3337b252837c394adcd73ead4c097a6e",8.72186148471752,2.56496756428182,0.819118779337728,3.13137438547758,0.00173990200298534,0.0203293812980392
"Fungi_Ascomycota_Sordariomycetes_Microascales_Microascaceae_Pithoascus_Pithoascus_sp_d2ad2d924043eade180170560ff78cdd",3.55027959075736,-0.185706401289522,0.535197802370159,-0.346986479516748,0.728601476270919,0.89475120779347
"Fungi_Glomeromycota_Glomeromycetes_Glomerales_Glomeraceae_Glomeraceae_gen_Incertae_sedis_Glomeraceae_sp_44d350b5b3a140a693b38c2784eee484",6.86548581896249,0.399416285523929,0.766723639821757,0.52093905128161,0.602409230282106,0.823750064224801
"Fungi_unclassified_unclassified_unclassified_unclassified_unclassified_unclassified_ebd22203707577101721bca6e9038c1f",6.57714006423866,0.710567187176235,0.495547658546393,1.43390282432283,0.15159999578718,0.370386782575489
"Fungi_Ascomycota_Sordariomycetes_Sordariales_Podosporaceae_Cladorrhinum_Cladorrhinum_hyalocarpum_9068c3f1f2c67d9b5532230e9d8eee77",2.53761506000302,0.824359622129683,0.623267074758755,1.32264266077069,0.18595424017737,0.425585992983259
"Fungi_Ascomycota_Sordariomycetes_Hypocreales_Nectriaceae_unclassified_unclassified_838358b35f92a101a834fdeffa576e92",2.95362088962679,-2.16508782709949,0.729072473674874,-2.96964692163786,0.00298142205053938,0.0307912306778277
"Fungi_unclassified_unclassified_unclassified_unclassified_unclassified_unclassified_5951a7f81b2f0eacaa9f1a66a2ebc6d0",6.18720053507038,-1.10772825301236,0.659046053481843,-1.68080553272425,0.0928006936433557,0.271075710379276
"Fungi_Ascomycota_Eurotiomycetes_Eurotiales_Aspergillaceae_Aspergillus_Aspergillus_piperis_c829fbe61c3edf1e62c627b8b0b26c4a",6.71098544219989,-0.589168446928412,0.675568574863483,-0.872107538524078,0.383149713981827,0.659373926387331
"Fungi_unclassified_unclassified_unclassified_unclassified_unclassified_unclassified_2eb319753ed2db89c070456d74efc7c9",2.44078525144458,-1.91057391828935,0.653648968679583,-2.92293571907387,0.00346748093218781,0.0307912306778277
"Fungi_Ascomycota_Sordariomycetes_Hypocreales_Nectriaceae_Fusarium_Fusarium_kyushuense_da7420238c329b42c99e09dbb79c7471",1.14039855658487,0.103789525791161,0.595185007231458,0.174381956081093,0.861565294018614,NA
"Fungi_Ascomycota_Dothideomycetes_Capnodiales_Cladosporiaceae_Cladosporium_Cladosporium_sp_2618724a43b62712d10467d2dd1e7c3e",7.15190537923802,1.38010437488632,0.70005631144525,1.97141908775471,0.0486759595288364,0.186311431300029
"Fungi_unclassified_unclassified_unclassified_unclassified_unclassified_unclassified_6572f85164ecd388f71d5185981a3236",8.24264568222726,-1.67065590850199,0.793021188521809,-2.10669769318029,0.0351437922997545,0.150036959433567
"Fungi_Ascomycota_Dothideomycetes_Pleosporales_Pleosporaceae_Bipolaris_unclassified_a20e2909d945774135d2e9eb3c939d20",3.380928296569,0.594358270006361,0.573099282053711,1.0370947733113,0.299691690822757,0.578535264023061
"Fungi_Glomeromycota_Glomeromycetes_Glomerales_Glomeraceae_Funneliformis_Funneliformis_mosseae_7d024113792c47324c769ae1b3d0f091",2.85719337999644,0.803582481633254,0.751405137750707,1.06943969539353,0.284871588552219,0.554749935601689
"Fungi_unclassified_unclassified_unclassified_unclassified_unclassified_unclassified_0fd336f3455c975119dd6695005fa71d",3.39981929625072,0.0117172664570925,0.651385933282873,0.0179882092295723,0.985648259562414,0.99621672395939
"Fungi_Ascomycota_Dothideomycetes_Pleosporales_Sporormiaceae_unclassified_unclassified_b5eb4ec891f5ff91e3d163f830d4616a",1.28949471588258,0.0038256461588777,0.597362586918736,0.00640422792229225,0.994890200345967,0.99621672395939
"Fungi_Ascomycota_Sordariomycetes_Xylariales_Diatrypaceae_Monosporascus_Monosporascus_sp_cae8212e0d1ea24c2cbe552c8803f87a",5.28871888730911,1.23889623271725,0.658758137897816,1.88065416037323,0.0600189790865502,0.210351689266996
"Fungi_Ascomycota_Sordariomycetes_Sordariales_Lasiosphaeriaceae_Schizothecium_Schizothecium_inaequale_e06f821ebdfac7c580a0929d826cd432",3.02019139015442,-0.415615447935193,0.635270886122037,-0.654233425479776,0.512961429860032,0.778325965310542
"Fungi_Ascomycota_Dothideomycetes_Pleosporales_Pleosporaceae_Alternaria_Alternaria_hungarica_3b4c384c991a28e6d77e151b58e40591",7.9413680008845,-1.48987645721693,0.620988811786033,-2.3992001610011,0.0164309302889174,0.0935299108753762
"Fungi_Ascomycota_Sordariomycetes_Hypocreales_Stachybotryaceae_Alfaria_unclassified_6b9af80fabd3e144f4a5d78341bfd7cb",1.24062032920961,0.225640144776064,0.567393498431276,0.397678410838179,0.690867253378231,0.880863860334767
"Fungi_Glomeromycota_Glomeromycetes_Glomerales_Glomeraceae_Glomeraceae_gen_Incertae_sedis_Glomeraceae_sp_ecdef9c20a596f8924124d0883a2dbd3",4.72051907751549,2.48203104498938,0.775840165666528,3.19915255077965,0.00137832214665765,0.0169993064754444
"Fungi_Basidiomycota_Agaricomycetes_Cantharellales_Ceratobasidiaceae_unclassified_unclassified_69ba6dd13a513011eeaab2dfa0e150fa",3.43125617025437,-0.179962006482265,0.667602960424963,-0.269564422494038,0.787495374104307,0.921854149125362
"Fungi_Ascomycota_Eurotiomycetes_Onygenales_Arachnomycetaceae_Arachnomyces_Arachnomyces_pilosus_8d487f5eb1a6285f847ac9e1a8539f5d",2.77770734646997,-0.371398362870683,0.616364676762524,-0.602562698468486,0.546799641391938,0.798615265717172
"Fungi_unclassified_unclassified_unclassified_unclassified_unclassified_unclassified_5e14a5ea38097fab98a93b366b2eac37",1.15753899055216,0.0037894679900759,0.586796227987277,0.00645789425585412,0.994847381692456,NA
"Fungi_Ascomycota_Dothideomycetes_Pleosporales_Sporormiaceae_Preussia_Preussia_terricola_c4d4785dead27fc2f245ccf4248a04ee",4.44549755880923,-2.81328629688996,0.765353862165145,-3.6757981320318,0.000237106961965913,0.00657971819455408
"Fungi_Mortierellomycota_Mortierellomycetes_Mortierellales_Mortierellaceae_Mortierella_Mortierella_ambigua_6ad7d1571580fa85052b62c9af2d8844",6.18031368701388,0.166933826978795,0.728220173172862,0.229235378431584,0.818685976578606,0.93684683917758
"Fungi_Ascomycota_Pezizomycetes_Pezizales_Ascodesmidaceae_Cephaliophora_Cephaliophora_sp_3902fa8da746b3cfbe383b00521d338c",6.01152932874015,0.291195347410539,0.564996489232205,0.515393197940496,0.606278284721693,0.823750064224801
"Fungi_Ascomycota_Eurotiomycetes_Eurotiales_Aspergillaceae_Aspergillus_Aspergillus_flavus_2f9297cdaa96a84c203bafc26ad7ef58",6.90818449711893,-2.26634087263516,0.665643486569127,-3.40473679734535,0.000662278528768262,0.00980172222577027
"Fungi_Basidiomycota_Tremellomycetes_Filobasidiales_Filobasidiaceae_Naganishia_Naganishia_albida_7b34a0d4f90d284ef86532785de39a5c",3.60914927763187,2.39671222089749,0.674733151811221,3.5520890213618,0.00038218553524747,0.00848451888249383
"Fungi_Ascomycota_Sordariomycetes_Microascales_Microascaceae_Canariomyces_Canariomyces_arenarius_46f9869099d8964a5f9af5184b8b1b22",6.51485573405968,-0.731517198641956,0.641130049161028,-1.14098099067296,0.253877833636011,0.531980192767728
"Fungi_Ascomycota_Dothideomycetes_Pleosporales_Sporormiaceae_Preussia_Preussia_terricola_946ecfae9b914145c37abf350d5e51f0",3.88600665366107,2.34068364268656,0.729373604047119,3.2091696624318,0.00133118915260687,0.0169993064754444
"Fungi_Ascomycota_Sordariomycetes_unclassified_unclassified_unclassified_unclassified_bb27b76d8adc795671568329ee0545bd",6.26357525369354,0.582083130109309,0.718076017049491,0.810614915814951,0.417586848406763,0.696044920949693
"Fungi_Ascomycota_Sordariomycetes_Hypocreales_Nectriaceae_Paracremonium_Paracremonium_inflatum_0c5468ffccf03006f0e0ed81a7604f56",4.37302701951344,-0.652098990505907,0.609425280843867,-1.07002287401492,0.28460901278924,0.554749935601689
"Fungi_Ascomycota_Dothideomycetes_Pleosporales_Sporormiaceae_Preussia_Preussia_globosa_814c4e99bc4e7a376311891f112f5eeb",3.22077412131833,-1.76558344049118,0.600670942883346,-2.93935217178313,0.00328899124895291,0.0307912306778277
"Fungi_Ascomycota_Sordariomycetes_unclassified_unclassified_unclassified_unclassified_1f533a953cf14039236f3fa826b1e083",4.86112341687572,-1.20616352268198,0.706534590411192,-1.70715424135145,0.0877933875609897,0.25986842718053
"Fungi_unclassified_unclassified_unclassified_unclassified_unclassified_unclassified_e222ea09efd35d5da17adf1dd6f5abb6",1.3426675434129,0.00383077506072665,0.59892652197039,0.00639606849956134,0.994896710490053,0.99621672395939
"Fungi_Mortierellomycota_Mortierellomycetes_Mortierellales_Mortierellaceae_Mortierella_Mortierella_wolfii_31f95534b4b66a435bb511db12e2caca",3.79025223412783,0.178553345284376,0.544954114197195,0.327648403108974,0.743177519900595,0.89566540669807
"Fungi_Ascomycota_Sordariomycetes_Hypocreales_Hypocreales_fam_Incertae_sedis_Acremonium_Acremonium_persicinum_cf7eebbf15ad2583e6df48d41e76cde7",6.855267644145,2.71315212835968,0.787988519724764,3.44313661994384,0.000575008754711318,0.00911799596756519
"Fungi_Rozellomycota_Rozellomycota_cls_Incertae_sedis_Rozellomycota_ord_Incertae_sedis_Rozellomycota_fam_Incertae_sedis_Rozellomycota_gen_Incertae_sedis_Rozellomycota_sp_56e7afe934c9fede8971f14af3acd92b",3.92303872177494,0.641635190179714,0.59050216265185,1.08659244751659,0.277216964290422,0.554433928580845
"Fungi_Basidiomycota_Agaricomycetes_Agaricales_Pluteaceae_Volvariella_unclassified_961f316417631312b4a3b483d1101414",1.17491204853305,0.0037895830426527,0.586832929535798,0.00645768642473824,0.994847547514237,NA
"Fungi_Ascomycota_Sordariomycetes_Hypocreales_Nectriaceae_Fusarium_Fusarium_equiseti_18a0cb9c1a1b24adfa0cfe243b109968",1.15801276457245,-0.121836016071307,0.600104331795067,-0.203024723562425,0.839115708008458,NA
"Fungi_Glomeromycota_Glomeromycetes_Glomerales_Glomeraceae_Rhizophagus_unclassified_68adf083cd595a75c31803dfb7bd8876",4.74748417480134,0.833963784363411,0.614680868277106,1.35674270569204,0.17486297797171,0.408173576456311
"Fungi_Ascomycota_Sordariomycetes_Microascales_Microascaceae_Microascus_Microascus_alveolaris_4e6cdf7d884d86fba1833ae3aecda2f1",1.17491204853305,0.0037895830426527,0.586832929535798,0.00645768642473824,0.994847547514237,NA
"Fungi_Ascomycota_Pezizomycetes_Pezizales_Ascobolaceae_Ascobolus_Ascobolus_sp_c61655c3897573ba20793038b7cf8cb1",1.33128510427118,0.00385799960308983,0.607283609655689,0.00635287951419798,0.994931169614557,0.99621672395939
"Fungi_Ascomycota_Sordariomycetes_Lulworthiales_Lulworthiaceae_Lulworthiaceae_gen_Incertae_sedis_Lulworthiaceae_sp_71f3d2c3942a985b375cb65b81dcb1ef",2.12200247387098,0.735096206849755,0.562973269354247,1.30573909431426,0.191641298392676,0.428251243590065
"Fungi_Ascomycota_Sordariomycetes_Sordariales_Lasiosphaeriaceae_Schizothecium_unclassified_6c6ee7442c8590fbb997d6d463d030ae",2.5428208854266,1.49147764353029,0.681352462056383,2.18899574976053,0.028597148938865,0.130390043863985
"Fungi_Ascomycota_Sordariomycetes_Sordariales_Chaetomiaceae_unclassified_unclassified_8c0c9393ac87ed2af73d02bebeb11fbe",2.66771815960418,0.171739074186117,0.517155881443018,0.332083768837579,0.739826005927354,0.89566540669807
"Fungi_unclassified_unclassified_unclassified_unclassified_unclassified_unclassified_861fa7868a75fdc2269d2fa7bbc85573",4.82192650278511,0.264031440339001,0.645258736854451,0.409186928062561,0.682402486658178,0.875684115827257
"Fungi_Glomeromycota_Glomeromycetes_Glomerales_Glomeraceae_Septoglomus_Septoglomus_sp_8d03350ffb360c00cfa4fc80138b1752",5.4699849726819,-0.300326714502312,0.667783088038618,-0.449736927876412,0.652900140989282,0.85765580650663
"Fungi_unclassified_unclassified_unclassified_unclassified_unclassified_unclassified_0b7ee1958f68c82b823cbf513d06c502",2.10825460405314,-1.21313404177358,0.590944783255547,-2.05287207222705,0.0400849862500747,0.164793832361418
"Fungi_Ascomycota_Sordariomycetes_Sordariales_Chaetomiaceae_Acrophialophora_Acrophialophora_jodhpurensis_018065106d79212461a4df7019b54aeb",1.15759820749404,0.00378949860005098,0.586805381648283,0.00645784568199873,0.994847420447977,NA
"Fungi_Ascomycota_Dothideomycetes_Pleosporales_Pleosporaceae_Alternaria_unclassified_0295097a99ff182f719b221bb51cc414",2.76029991181742,-1.76189874802295,0.695253409600249,-2.53418210352394,0.0112710141940708,0.0744147726009484
"Fungi_Calcarisporiellomycota_Calcarisporiellomycetes_Calcarisporiellales_Calcarisporiellaceae_Calcarisporiella_Calcarisporiella_thermophila_b5355017e786eb2e91e95f18d6ebd6de",2.23716488654146,-0.348021688617776,0.595673767465495,-0.584248808032218,0.559052928196689,0.799580018806102
"Fungi_Ascomycota_Dothideomycetes_Capnodiales_Cladosporiaceae_Cladosporium_Cladosporium_halotolerans_ba4a9f9487e4860b0413cf8504c0870b",4.55211905352406,1.43035502352952,0.654178662430554,2.18648987757433,0.0287797844564652,0.130390043863985
"Fungi_Glomeromycota_Glomeromycetes_Glomerales_Glomeraceae_Funneliformis_Funneliformis_mosseae_a130bc6d32c696565fc97a677796b826",1.83848014686545,-1.17592468968038,0.631379415815248,-1.8624691591537,0.0625369887009988,0.210351689266996
"Fungi_Ascomycota_Sordariomycetes_Sordariales_Lasiosphaeriaceae_Schizothecium_unclassified_a2f62aca6844e4e4f46f003922d56861",4.12610695580276,0.225669330989367,0.650265429428271,0.347041870560121,0.728559863082883,0.89475120779347
"Fungi_unclassified_unclassified_unclassified_unclassified_unclassified_unclassified_70f6aa041db96ab07bdbf6b2d72b1c23",6.10445844065518,-0.466300586289242,0.636349591318144,-0.732774237072015,0.463696136959409,0.725803506418407
"Fungi_unclassified_unclassified_unclassified_unclassified_unclassified_unclassified_700376ff87730ae092cf4c412c4334f6",2.75940344141323,-1.49334619988968,0.556532696684268,-2.68330362041043,0.00728987744626626,0.05580526872659
"Fungi_unclassified_unclassified_unclassified_unclassified_unclassified_unclassified_3a5ccbfb779d64a0ef93c97d3eddde7b",1.17491204853305,0.0037895830426527,0.586832929535798,0.00645768642473824,0.994847547514237,NA
"Fungi_Mortierellomycota_Mortierellomycetes_Mortierellales_Mortierellaceae_Mortierella_unclassified_9d6588585d7fe2817627700167c8ffd9",4.77224116250542,1.41647213480407,0.598199739738526,2.36789159323809,0.017889776917241,0.0938792209290464
"Fungi_Ascomycota_Dothideomycetes_Pleosporales_Sporormiaceae_Preussia_Preussia_globosa_72f058f625faae95cc8440e32b3165d1",1.22139066307806,0.00379996837404648,0.589812571242726,0.00644267104385382,0.994859527805597,0.99621672395939
"Fungi_Ascomycota_Sordariomycetes_Sordariales_Sordariales_fam_Incertae_sedis_Madurella_Madurella_tropicana_b3cbdb329c8f009ef0822673e2bed34b",2.17523760397653,0.00416334571480704,0.734226698783121,0.00567038180674608,0.99547571414762,0.99621672395939
"Fungi_Ascomycota_Dothideomycetes_Pleosporales_Sporormiaceae_Preussia_Preussia_sp_c76f4f0e3be2fc6c1fbf58ea5e5714fb",4.6446363778997,-0.671238711167391,0.723657257308227,-0.927564402054342,0.353633570391058,0.633648954314696
"Fungi_Ascomycota_Eurotiomycetes_Onygenales_Onygenaceae_Chrysosporium_Chrysosporium_lobatum_553558734f994eb6dda2f501d3342b69",3.4143022059178,-0.0817694114350602,0.474675849112245,-0.17226368602487,0.863230231893261,0.963000560202532
"Fungi_unclassified_unclassified_unclassified_unclassified_unclassified_unclassified_6281fdba30f590a7e38bb54881499b04",1.72288674736887,1.35468205022001,0.570123465414689,2.37612049389103,0.0174957484841711,0.0938792209290464
"Fungi_Ascomycota_Sordariomycetes_Sordariales_Lasiosphaeriaceae_Schizothecium_Schizothecium_inaequale_e25826df214510cfb865e1689050b95a",2.49575762872478,-2.51018991419362,0.617926430777228,-4.06227956787074,4.859582859111e-05,0.00359609131574214
"Fungi_Ascomycota_Sordariomycetes_Sordariales_Podosporaceae_Cladorrhinum_Cladorrhinum_sp_a0c209fb07971b99b0adfe5f0f1f7a1c",3.00740841714971,-2.58517461622365,0.697946662622007,-3.70397159936522,0.000212250031796705,0.00657971819455408
"Fungi_Ascomycota_Pezizomycetes_Pezizales_Pyronemataceae_Scutellinia_Scutellinia_scutellata_e107ee39a291088c9d5404e0a86209f6",3.78337381117813,1.01963758163042,0.536826866846755,1.89937882136866,0.0575146860352653,0.210351689266996
"Fungi_Ascomycota_Orbiliomycetes_Orbiliales_Orbiliaceae_Arthrobotrys_Arthrobotrys_sp_cb757376651d5057137d047c17858958",3.15468627993024,-1.71993529387835,0.760793129509274,-2.26071349380841,0.0237770043410891,0.114749890515691
"Fungi_Ascomycota_Pezizomycetes_Pezizales_Ascodesmidaceae_Cephaliophora_Cephaliophora_sp_944765eb377c2bf09d3ec1795e12a7ad",2.89168020903467,-0.0920114036562294,0.579018672807161,-0.158909216537259,0.873740399222147,0.969851843136584
"Fungi_Mortierellomycota_Mortierellomycetes_Mortierellales_Mortierellaceae_Mortierella_Mortierella_alpina_d2cb4e14fa0bff1d217f1e51730659bc",2.45771595916475,-0.671589907667355,0.515801985326863,-1.30203048218546,0.19290596558111,0.428251243590065
"Fungi_Calcarisporiellomycota_Calcarisporiellomycetes_Calcarisporiellales_Calcarisporiellaceae_Calcarisporiella_Calcarisporiella_thermophila_61790a31367fa2446ac360aa742621a4",2.06175763088832,-0.178958129985791,0.668645375210349,-0.26764281429374,0.788974271773958,0.921854149125362
"Fungi_Ascomycota_Sordariomycetes_Sordariales_Chaetomiaceae_Ovatospora_Ovatospora_mollicella_2aaffbcd30e6bc96e65ab9d784ebad92",1.20683034486348,-0.175904516262535,0.573769664775199,-0.306576884526395,0.759165450363274,NA
"Fungi_Mortierellomycota_Mortierellomycetes_Mortierellales_Mortierellaceae_Mortierellaceae_gen_Incertae_sedis_Mortierellaceae_sp_a71ed576b7d412bd081503356e82b07a",3.65633160197947,-0.910476679294713,0.615246626153327,-1.47985643576339,0.138911563812204,0.350435990526241
"Fungi_Ascomycota_Sordariomycetes_Sordariales_Chaetomiaceae_Acrophialophora_Acrophialophora_jodhpurensis_470817a204818d365b5bc7b957035146",1.15754589090275,0.00378943424248941,0.586783314485935,0.00645797886364446,0.994847314186614,NA
"Fungi_Glomeromycota_Paraglomeromycetes_Paraglomerales_Pervetustaceae_Pervetustaceae_gen_Incertae_sedis_Pervetustaceae_sp_8c241628c5ba7d54515dc11e64e75db2",1.94496042013794,-0.944642494256083,0.585553501443501,-1.61324711051571,0.10669083208175,0.303658522078828
"Fungi_unclassified_unclassified_unclassified_unclassified_unclassified_unclassified_11edb27ce17d666313eb334be5e6e3d1",1.14033500740333,0.10361926810565,0.595174189765533,0.174099061900634,0.861787610436685,NA
"Fungi_unclassified_unclassified_unclassified_unclassified_unclassified_unclassified_8a958467716cee4ae82fa639ac09b5f6",6.09956821881977,-0.535473967025361,0.784282692778359,-0.6827563223771,0.49476083343433,0.762756284877925
"Fungi_Ascomycota_Sordariomycetes_Sordariales_unclassified_unclassified_unclassified_4e67552b4464f9913d54295f5e2ba343",2.56207242239547,2.06840127151829,0.581352097407407,3.5579148690484,0.000373810414594952,0.00848451888249383
"Fungi_Glomeromycota_Glomeromycetes_Glomerales_Glomeraceae_Glomeraceae_gen_Incertae_sedis_Glomeraceae_sp_743672988add2946e4b0de5991eccd4a",2.29261760161881,0.284483164493209,0.574056595230816,0.495566407313592,0.620200358510558,0.824457961612838
"Fungi_Basidiomycota_Agaricomycetes_Agaricales_Entolomataceae_Entoloma_Entoloma_incarnatofuscescens_4b3ffeaace8ae463013076f2dac65b6f",2.64607580198017,-0.95135975271898,0.548241589838796,-1.73529292624209,0.0826889340543154,0.248066802162946
"Fungi_Ascomycota_Sordariomycetes_unclassified_unclassified_unclassified_unclassified_84bb202a6e73c1350e937c744388e33f",3.31978676898457,-2.02809798922693,0.670903039099783,-3.02293754988534,0.00250333897776521,0.0277870626531939
"Fungi_unclassified_unclassified_unclassified_unclassified_unclassified_unclassified_3f3326f462840349482d17494188ac0f",1.15801276457245,0.00378953562042805,0.586815425599299,0.00645779823623059,0.994847458303433,NA
"Fungi_Ascomycota_Sordariomycetes_unclassified_unclassified_unclassified_unclassified_0a5cf29b58d3b0e8732ecb5baebd055f",4.13172199325922,2.0595529774951,0.703917652455236,2.9258436271792,0.00343523560737977,0.0307912306778277
"Fungi_Basidiomycota_Tremellomycetes_Filobasidiales_Filobasidiaceae_Filobasidium_Filobasidium_magnum_de7783a444ca551e84b76f1b74e2db75",4.07811588235565,0.582089470540137,0.761202087076665,0.764697680711314,0.444451587582593,0.720923921578463
"Fungi_Ascomycota_Sordariomycetes_Sordariales_Naviculisporaceae_Pseudorhypophila_Pseudorhypophila_marina_93c3ead94194e73a6dbc5b5c353ec618",2.16404057089364,-0.78804896785698,0.643576449173218,-1.22448384938473,0.220769755268242,0.480498879113232
"Fungi_unclassified_unclassified_unclassified_unclassified_unclassified_unclassified_f9d2ac0772f38c79c1d2de64337579d7",1.17491204853305,0.0037895830426527,0.586832929535798,0.00645768642473824,0.994847547514237,NA
"Fungi_Ascomycota_Dothideomycetes_Pleosporales_Pleosporaceae_Curvularia_Curvularia_mebaldsii_a475292c4a0c69b9e03d5436f36469a4",1.15683000317608,0.00378939123805822,0.58677491027591,0.00645799806995222,0.994847298862517,NA
"Fungi_Ascomycota_Dothideomycetes_Pleosporales_Sporormiaceae_Preussia_Preussia_sp_cc9d91dce30338e5c516f778527927fb",3.02252427638884,-0.764465040823124,0.548819821825706,-1.39292534712039,0.163642366632207,0.394876145569022
"Fungi_Glomeromycota_Glomeromycetes_Glomerales_Glomeraceae_unclassified_unclassified_bd02709e3ca000581cc08afc9df9cf0b",2.87635988752665,-0.249526388400587,0.603620781493539,-0.413382699951423,0.679326247605981,0.875684115827257
"Fungi_Basidiomycota_Agaricomycetes_Thelephorales_Thelephoraceae_Amaurodon_Amaurodon_mustialaensis_8ba6920baec8ee2300c3f4a312c5315f",1.17491204853305,0.0037895830426527,0.586832929535798,0.00645768642473824,0.994847547514237,NA
"Fungi_Ascomycota_Sordariomycetes_Sordariales_Lasiosphaeriaceae_Zygopleurage_Zygopleurage_sp_af5e14d5f8ac93f4ef24d51d1aced722",2.23184638268616,-1.50817563261462,0.605774969838487,-2.48966317148551,0.0127864209879389,0.0788495960922898
"Fungi_Ascomycota_Sordariomycetes_Sordariales_Sordariaceae_Neurospora_unclassified_00a40b6b56091079884cc3e658f860a6",1.17491204853305,0.0037895830426527,0.586832929535798,0.00645768642473824,0.994847547514237,NA
"Fungi_Rozellomycota_Rozellomycota_cls_Incertae_sedis_Rozellomycota_ord_Incertae_sedis_Rozellomycota_fam_Incertae_sedis_Rozellomycota_gen_Incertae_sedis_Rozellomycota_sp_db79e4121b1894acb51635bc0551789d",4.02761737137792,-0.800456813879788,0.691060225706113,-1.15830253877207,0.246740595710499,0.526696271612795
"Fungi_unclassified_unclassified_unclassified_unclassified_unclassified_unclassified_e24658d17c242d0c7405a701f81f0ac2",1.17491204853305,0.0037895830426527,0.586832929535798,0.00645768642473824,0.994847547514237,NA
"Fungi_unclassified_unclassified_unclassified_unclassified_unclassified_unclassified_9b4fa1d8c77eb3ad2a5751f66c25d6a3",2.92323255088771,-0.458105107766453,0.638935016419967,-0.716982315875053,0.473385008383655,0.73490539763057
"Fungi_Ascomycota_Sordariomycetes_Sordariales_unclassified_unclassified_unclassified_d18c2ec9ac6ccf6928c8076f2054c9f8",1.26177733843752,0.00380601850082516,0.591570163542416,0.00643375669596674,0.994866640278736,0.99621672395939
"Fungi_Ascomycota_Sordariomycetes_unclassified_unclassified_unclassified_unclassified_55b13d2d0d0b466b03bf25e83f5c8b9b",2.01398494734453,1.20782001390047,0.638984410514112,1.89021828080076,0.0587287727516666,0.210351689266996
"Fungi_Ascomycota_Sordariomycetes_unclassified_unclassified_unclassified_unclassified_0ea1f2793f8ef4fe979402d072c2e172",1.43797706431396,0.225603775645306,0.582114872942856,0.387558858451384,0.69834251990504,0.880863860334767
"Fungi_Ascomycota_Sordariomycetes_Coniochaetales_Coniochaetaceae_Coniochaeta_Coniochaeta_sp_844e9db295b8717aa6c0d4bacf7827f8",2.9126588044299,-0.204561787980037,0.546901761405786,-0.374037537297777,0.708376389049836,0.885827960916428
"Fungi_Ascomycota_Sordariomycetes_Sordariales_Chaetomiaceae_Acrophialophora_Acrophialophora_jodhpurensis_42f5b262741af0b5df0b2ad9be293b31",1.15762352796819,0.103619741950283,0.59521023509025,0.174089314735275,0.861795270580547,NA
"Fungi_Ascomycota_Sordariomycetes_Hypocreales_Hypocreaceae_Kiflimonium_Kiflimonium_curvulum_2ca8384c5e12735833182446c76ab367",2.63050149090349,1.25727732311643,0.632872576428377,1.98662000842552,0.0469645222401521,0.182914455040592
"Fungi_Ascomycota_Dothideomycetes_Pleosporales_Pleosporaceae_Curvularia_Curvularia_fallax_86b9877b9fed75133bf20249f42a981c",2.07696706952383,1.20882356806061,0.607271593072876,1.99058144963409,0.0465269213308234,0.182914455040592
"Fungi_unclassified_unclassified_unclassified_unclassified_unclassified_unclassified_e96a8b1e9df428fc5cb2f735b13850a8",1.8023198033891,0.257478731965861,0.515013610850325,0.49994548986918,0.617113460229053,0.824457961612838
"Fungi_unclassified_unclassified_unclassified_unclassified_unclassified_unclassified_e9566711bc76fa337041478485c98e1c",3.78977631355633,-0.312435088429307,0.716010951178561,-0.436355181320951,0.662579051344752,0.865250290579618
"Fungi_Glomeromycota_Glomeromycetes_Glomerales_Glomeraceae_Funneliformis_Funneliformis_mosseae_442782ac585085e032cddad2fe531a8e",1.95912909653827,-0.892390366906417,0.622693143221823,-1.43311416966819,0.15182521267734,0.370386782575489
"Fungi_Ascomycota_Sordariomycetes_Hypocreales_Hypocreales_fam_Incertae_sedis_Hypocreales_gen_Incertae_sedis_Hypocreales_sp_521e74246fa8f8a60fec5aa5c578f1f5",2.13231473996813,2.42615046745362,0.548780173031567,4.42098783206961,9.82507069559558e-06,0.00218116569442222
"Fungi_Glomeromycota_Glomeromycetes_Glomerales_Glomeraceae_Septoglomus_unclassified_dbdbd970cd23ef7628a83a75d985d836",2.31380542610055,1.01987441665419,0.546356636136369,1.86668258276564,0.0619459274239231,0.210351689266996
"Fungi_Glomeromycota_Glomeromycetes_Glomerales_Glomeraceae_unclassified_unclassified_4540b0c392184b5ebcedea0732563515",3.24020591429519,-0.658527096173455,0.604268926075608,-1.08979142854527,0.275805030553503,0.554433928580845
"Fungi_Glomeromycota_Glomeromycetes_Glomerales_Glomeraceae_Rhizophagus_Rhizophagus_custos_8dac40f0191c1a4f0d774563cffbae04",2.57436845078378,-1.24979083166639,0.667695027662791,-1.87179891999672,0.0612344277552978,0.210351689266996
"Fungi_Glomeromycota_Glomeromycetes_Glomerales_Glomeraceae_Funneliformis_Funneliformis_mosseae_4a6cf0d907af613513a265d35ed0c32e",2.24092870273282,-0.218421674871945,0.587931048567989,-0.371508998213225,0.710258455149208,0.885827960916428
"Fungi_Ascomycota_Sordariomycetes_Hypocreales_Nectriaceae_Bisifusarium_Bisifusarium_delphinoides_072d1d528ab518c646cf7e9244289d8f",1.32579273451648,-0.364042324364122,0.545673626696399,-0.667142970731602,0.504680814647605,0.772683730012196
"Fungi_Glomeromycota_Glomeromycetes_Glomerales_Glomeraceae_Septoglomus_unclassified_23cebcd3c7e12ffbb3e71653fbcc8163",2.56919964218521,-0.618937182869367,0.604244985254098,-1.02431496822285,0.305686530251164,0.580020595861183
"Fungi_unclassified_unclassified_unclassified_unclassified_unclassified_unclassified_85e9a4340f36f8ddabaaac3f0d8f336a",3.65734955922308,-0.578692594477562,0.596392091858768,-0.970322380824934,0.331885824819833,0.6185323374785
"Fungi_Ascomycota_Eurotiomycetes_Eurotiales_Aspergillaceae_Aspergillus_Aspergillus_flavus_e9af39e705e63c1e9b916bc6b8816f79",2.27852944315819,1.10802716943888,0.539309175408808,2.05453053640144,0.0399243710007222,0.164793832361418
"Fungi_Ascomycota_Sordariomycetes_Hypocreales_Nectriaceae_Fusarium_Fusarium_fujikuroi_43f877eb04296eac51579e1d27fa346f",1.57854984515233,1.60963765472366,0.547710609019618,2.93884695351228,0.00329435705262753,0.0307912306778277
"Fungi_unclassified_unclassified_unclassified_unclassified_unclassified_unclassified_ff8398ba93fd026958c610210a567a75",1.85925870744859,1.40049693925861,0.555730098245007,2.5201027327499,0.0117320587433928,0.0744147726009484
"Fungi_unclassified_unclassified_unclassified_unclassified_unclassified_unclassified_01c1843e1d6ada28dfc87323d9d3149f",2.23001440060671,-1.4803665684696,0.671492368095292,-2.20459180000615,0.0274827516956839,0.129812146307273
"Fungi_unclassified_unclassified_unclassified_unclassified_unclassified_unclassified_b461803ce31f330de0931ca0cbbbc4b3",2.3659151091039,0.590928627394787,0.689130766630037,0.85749854165491,0.391169420433161,0.667997010278167
"Fungi_Ascomycota_Dothideomycetes_Pleosporales_Sporormiaceae_unclassified_unclassified_7745acbab56574932c8fc12cc8e3a711",1.7675204928785,0.00406136513038373,0.683439962542943,0.00594253387711221,0.995258571873656,0.99621672395939
"Fungi_Basidiomycota_Agaricomycetes_Cantharellales_Ceratobasidiaceae_unclassified_unclassified_7088eadc1b364c428652a73084937251",2.36381231042266,-1.44830125424365,0.603183382333503,-2.40109607900782,0.0163460440242398,0.0935299108753762
"Fungi_unclassified_unclassified_unclassified_unclassified_unclassified_unclassified_61d451dab4f8d3e49944306f2485c4d4",1.83687803498866,2.11781234051424,0.575523886285217,3.6797992072647,0.000233417672482479,0.00657971819455408
"Fungi_unclassified_unclassified_unclassified_unclassified_unclassified_unclassified_da09f7442436b9fc85af67e8f029128b",1.91306603530379,0.662054870567053,0.58041033993789,1.14066691271885,0.254008560510717,0.531980192767728
"Fungi_Mortierellomycota_Mortierellomycetes_Mortierellales_Mortierellaceae_Mortierella_unclassified_4150fbf5dbac2486940706a04acf9530",1.56970449897589,0.0039157595767221,0.626318145226979,0.00625202959001456,0.995011634613899,0.99621672395939
"Fungi_Ascomycota_Sordariomycetes_Hypocreales_Hypocreales_fam_Incertae_sedis_Hypocreales_gen_Incertae_sedis_Hypocreales_sp_407870b5892c179d1983571aef2f988c",1.46317828813006,0.664290156797481,0.560744458924633,1.18465754984262,0.236152872879347,0.508989687176846
"Fungi_Ascomycota_Orbiliomycetes_Orbiliales_Orbiliaceae_Arthrobotrys_Arthrobotrys_sp_efc40bb5341ee05ab9abddc554381f82",1.15762352796819,0.00378950221182484,0.586806406830105,0.00645784055476748,0.99484742453883,NA
"Fungi_unclassified_unclassified_unclassified_unclassified_unclassified_unclassified_d21d9b2bc12509414fe524790d61b317",1.17491204853305,0.0037895830426527,0.586832929535798,0.00645768642473824,0.994847547514237,NA
"Fungi_Ascomycota_Sordariomycetes_Branch06_Branch06_fam_Incertae_sedis_Branch06_gen_Incertae_sedis_Branch06_sp_d6def105fcebeb76eb8a5c703e8c4e20",2.01351408467369,-0.541479919276012,0.661330175820332,-0.818773948435583,0.412915397003867,0.696044920949693
"Fungi_Ascomycota_Sordariomycetes_Hypocreales_Hypocreales_fam_Incertae_sedis_Acremonium_Acremonium_acutatum_a6141c0f6bb3750205c3cda5167476f3",1.36054409269492,-0.176446269189957,0.579544748001405,-0.304456678795628,0.760779992407292,0.908027732873219
"Fungi_Glomeromycota_Glomeromycetes_Glomerales_Glomeraceae_Septoglomus_Septoglomus_sp_5a62fddc39f01f8e9cef8a0a6d2ec2df",2.03666291359887,0.17290512932357,0.534638091373601,0.323405930316972,0.746387838915058,0.89566540669807
"Fungi_Ascomycota_Sordariomycetes_Sordariales_Sordariaceae_unclassified_unclassified_59ec25c8eb4f24c78f693fee2b3a5251",1.17491204853305,0.0037895830426527,0.586832929535798,0.00645768642473824,0.994847547514237,NA
"Fungi_Ascomycota_Sordariomycetes_Sordariales_unclassified_unclassified_unclassified_db5db5a8904f8043b0751ca28ae7dac0",2.14399055754831,0.310659193401873,0.608037752399507,0.510920896236977,0.609406448419949,0.823750064224801
"Fungi_unclassified_unclassified_unclassified_unclassified_unclassified_unclassified_2372ef8b67c7e67d1227b3d5a02fba60",1.15753899055216,0.00378949017207123,0.586802989436627,0.00645785764607199,0.994847410902227,NA
"Fungi_Ascomycota_Eurotiomycetes_Eurotiales_Aspergillaceae_Talaromyces_Talaromyces_pinophilus_1b059b536a76ee3085da1521df12c5b4",1.64677684072494,1.53068654326325,0.532016228174731,2.87714257986982,0.00401294230321059,0.0342643535120289
"Fungi_Ascomycota_Sordariomycetes_Sordariales_Podosporaceae_Cladorrhinum_Cladorrhinum_sp_984ece6d8164329ac35bb6bd41f453a9",1.15759820749404,0.00378949860005098,0.586805381648283,0.00645784568199873,0.994847420447977,NA
"Fungi_Ascomycota_Sordariomycetes_Hypocreales_Cordycipitaceae_Beauveria_Beauveria_sp_7a2294aaefcbe1c956a38397dd12000a",2.62722067901221,0.172800472942046,0.634955837101112,0.272145656193926,0.785510025283968,0.921854149125362
"Fungi_Glomeromycota_Glomeromycetes_Glomerales_Glomeraceae_unclassified_unclassified_62c62392b5f43cda20577256f55085d1",1.75321674085653,-0.468867948962082,0.527408341596092,-0.889003665628706,0.374001109778884,0.653385978340023
"Fungi_Ascomycota_Dothideomycetes_Pleosporales_Sporormiaceae_Sporormia_Sporormia_sp_5827f93005bc412b979834b6bd08b9d4",1.15753899055216,0.00378949017207123,0.586802989436627,0.00645785764607199,0.994847410902227,NA
"Fungi_Ascomycota_Sordariomycetes_Hypocreales_Nectriaceae_Fusarium_Fusarium_chlamydosporum_ad0dd9b4fa1cf702d5d58ee24a8e7bcf",1.59921517020305,0.932859787651417,0.570343638383874,1.6356100513276,0.1019212253878,0.293850805663526
"Fungi_unclassified_unclassified_unclassified_unclassified_unclassified_unclassified_65f435f8b3f2fb826a1443eeddb01e3e",2.24871978346734,-0.808420637998965,0.583008859615749,-1.38663525376232,0.165553012726488,0.395191062637422
"Fungi_Ascomycota_Dothideomycetes_Pleosporales_Pleosporaceae_Alternaria_Alternaria_hungarica_3b92f4e196292105152fbb71656b4e1f",1.9739074298849,-1.07470078303027,0.669501514284265,-1.60522532078092,0.108444227008091,0.304742005010078
"Fungi_Mucoromycota_Mucoromycetes_Mucorales_Rhizopodaceae_Rhizopus_Rhizopus_arrhizus_dde53d93df8e2c7f4901e7ed97745a92",1.67895518862004,-1.60088802508356,0.586897472718544,-2.72771327105594,0.00637750163679828,0.0524372356803414
"Fungi_Ascomycota_Pezizomycetes_Pezizales_Pyronemataceae_Trichophaeopsis_Trichophaeopsis_sp_825079bfb601755ea2274a5b3bb84844",1.52981282638169,-1.30239263749969,0.574911360238907,-2.26537989605645,0.0234893769469443,0.114749890515691
"Fungi_Ascomycota_Sordariomycetes_Hypocreales_Nectriaceae_unclassified_unclassified_bcbee59ce1c717160428ffcbabc3947d",2.62150200683562,-1.61189137373023,0.627855943588258,-2.56729491882821,0.0102495397894656,0.0711061822894176
"Fungi_Mortierellomycota_Mortierellomycetes_Mortierellales_Mortierellaceae_Mortierella_Mortierella_sp_33989899dacf28369976e2ac363a9d8e",1.17491204853305,0.0037895830426527,0.586832929535798,0.00645768642473824,0.994847547514237,NA
"Fungi_unclassified_unclassified_unclassified_unclassified_unclassified_unclassified_0d1e1700370f2bdbb8522318725c6cfe",1.64710285693899,0.00398213281693471,0.650537989569857,0.00612129173204433,0.995115946335939,0.99621672395939
"Fungi_Ascomycota_Sordariomycetes_Sordariales_Sordariaceae_Neurospora_unclassified_dd9fe73ae55defd0e8ede2df146bde6c",1.77929746584013,0.00402234538358065,0.666647472256842,0.00603369179510058,0.995185839682332,0.99621672395939
"Fungi_Glomeromycota_Glomeromycetes_Glomerales_Glomeraceae_unclassified_unclassified_a16fccbf40104bd5f64f1030f70a5c52",1.15713523843956,-0.122392710336314,0.600130749927758,-0.203943407917436,0.838397723258804,NA
"Fungi_Mortierellomycota_unclassified_unclassified_unclassified_unclassified_unclassified_c90c0a27fcea4c7d2fd586b862c4e470",1.17491204853305,0.0037895830426527,0.586832929535798,0.00645768642473824,0.994847547514237,NA
"Fungi_Ascomycota_Sordariomycetes_Sordariales_Chaetomiaceae_Hyalosphaerella_Hyalosphaerella_fragilis_4bec0ff9018064d50fac26256474d3cd",1.80099302240317,2.0609008758898,0.553414803943626,3.72397135241749,0.000196113189515478,0.00657971819455408
"Fungi_unclassified_unclassified_unclassified_unclassified_unclassified_unclassified_47c866522f507673489a421137d80cbf",1.96801772453512,-0.294450131944893,0.51918393961704,-0.567140293596302,0.570618869044382,0.806862349858935
"Fungi_Ascomycota_Sordariomycetes_Hypocreales_Hypocreales_fam_Incertae_sedis_Fusariella_unclassified_7b8c5ed9db3a3d58b3a3ad225fda51be",1.93046768146259,1.48292728688303,0.587749640862663,2.52305945216144,0.0116338730396154,0.0744147726009484
"Fungi_Ascomycota_Sordariomycetes_Microascales_Microascaceae_Pithoascus_Pithoascus_sp_38a8e4b6f86e23f6fe353532140ce538",1.27362037058633,0.118795275273269,0.58034110189837,0.204699055236093,0.837807258591083,0.948944956159287
"Fungi_Ascomycota_Sordariomycetes_Sordariales_Chaetomiaceae_Hyalosphaerella_Hyalosphaerella_fragilis_7337a8a4516128e5765b084cb6e10397",1.17491204853305,0.0037895830426527,0.586832929535798,0.00645768642473824,0.994847547514237,NA
"Fungi_Basidiomycota_Tremellomycetes_Filobasidiales_Filobasidiaceae_Filobasidium_Filobasidium_oeirense_6e1da7e6981d91104fe20849c4cdb005",2.17768388250056,0.164805215266383,0.562801660416627,0.292830008966893,0.769652089344235,0.913704619435402
"Fungi_Ascomycota_Dothideomycetes_Pleosporales_Pleosporaceae_Alternaria_Alternaria_sp_d4c27a96404796545fb072b7120429e2",1.89004623225714,0.992734078639969,0.541446603659983,1.83348472763417,0.0667305177187163,0.214698187442826
"Fungi_Basidiomycota_Tremellomycetes_Filobasidiales_Filobasidiaceae_Naganishia_Naganishia_albida_8a0dfb1da454536c521206e716f726fa",2.12806463510759,-1.03998756150198,0.663268643657218,-1.56797335656871,0.116887350422193,0.317379867616253
"Fungi_Ascomycota_Dothideomycetes_Dothideales_Saccotheciaceae_Selenophoma_Selenophoma_mahoniae_1d6f7c029463a13c2ffd4c0bad813a56",1.25509808247925,0.503561562891076,0.546452741598088,0.921509811476876,0.35678432112314,0.633648954314696
"Fungi_Blastocladiomycota_Blastocladiomycota_cls_Incertae_sedis_Blastocladiomycota_ord_Incertae_sedis_Blastocladiomycota_fam_Incertae_sedis_Blastocladiomycota_gen_Incertae_sedis_Blastocladiomycota_sp_035b50f808b955be3f7b318c05051928",2.01952687862151,-1.96479619262285,0.612266135702712,-3.20905579788079,0.00133171645346129,0.0169993064754444
"Fungi_Ascomycota_Dothideomycetes_Pleosporales_Pleosporaceae_Stemphylium_Stemphylium_vesicarium_e36f996427f851d3b793e87bd1c3c0b9",1.97516903050569,0.132450651900144,0.534068834236111,0.248002960310521,0.804132116347522,0.924960258182124
"Fungi_unclassified_unclassified_unclassified_unclassified_unclassified_unclassified_d726983242a36b272e1e813407e79299",1.96353452879662,1.26039674036817,0.592896031785835,2.12583095989323,0.0335173371551638,0.14589899702836
"Fungi_Ascomycota_Sordariomycetes_Sordariales_Sordariaceae_Neurospora_unclassified_2ebbf38022529a099d6a6fb87fdae7db",1.17491204853305,0.0037895830426527,0.586832929535798,0.00645768642473824,0.994847547514237,NA
"Fungi_Ascomycota_Sordariomycetes_Sordariales_Sordariales_fam_Incertae_sedis_Madurella_Madurella_tropicana_7f2c5a594a419ffde19d460c495a7cbc",1.52128912940188,-0.121807373719791,0.655688303043151,-0.1857702404549,0.852624942943148,0.960826077834411
"Fungi_Ascomycota_Sordariomycetes_Sordariales_Chaetomiaceae_Allocanariomyces_Allocanariomyces_tritici_27dedbbedd9496ea7a9e618e05a12bde",1.15753899055216,0.00378949017207123,0.586802989436627,0.00645785764607201,0.994847410902227,NA
"Fungi_unclassified_unclassified_unclassified_unclassified_unclassified_unclassified_fe298d4ecc56c89f20686e6b168d406f",1.95512791788424,0.434107565089493,0.575935078073946,0.753743922910972,0.451003002159393,0.725526568691198
"Fungi_unclassified_unclassified_unclassified_unclassified_unclassified_unclassified_084be7742633cb723e898d8b0b184d64",1.15762352796819,0.00378950221182484,0.586806406830105,0.00645784055476748,0.99484742453883,NA
"Fungi_unclassified_unclassified_unclassified_unclassified_unclassified_unclassified_e074576169c0d657037dbede53766834",2.00939680055484,-2.1223907068842,0.606326635521821,-3.50040816705605,0.000464546266057901,0.00911799596756519
"Fungi_Mortierellomycota_Mortierellomycetes_Mortierellales_Mortierellaceae_Mortierella_Mortierella_sp_0e71a7b8d3c35158e355a31499fdc523",2.30410185316782,0.955807750366606,0.624337356057653,1.53091552362333,0.125790272086479,0.331092771922247
"Fungi_Ascomycota_Sordariomycetes_Sordariales_Sordariaceae_unclassified_unclassified_62e7847bce7c5bdae3f1ae4be27ea0de",1.17491204853305,0.0037895830426527,0.586832929535798,0.00645768642473824,0.994847547514237,NA
"Fungi_Ascomycota_Sordariomycetes_Sordariales_Chaetomiaceae_Botryotrichum_Botryotrichum_atrogriseum_f323f0b59dabdc90e7723801d04e1828",1.17491204853305,0.0037895830426527,0.586832929535798,0.00645768642473824,0.994847547514237,NA
"Fungi_Ascomycota_Pezizomycetes_Pezizales_Ascodesmidaceae_Cephaliophora_Cephaliophora_tropica_ec04a83a7cbf3ad7fe2f1c0042bf1e0f",1.1580285792485,0.00378953790825632,0.586816075061458,0.0064577949877386,0.994847460895301,NA
"Fungi_Ascomycota_Dothideomycetes_Pleosporales_Pleosporaceae_Alternaria_unclassified_42eb484e0b2ead8c755b00ad6302c073",1.15754589090275,0.00378946896278905,0.586796504087434,0.0064578928749453,0.994847382794239,NA
"Fungi_Ascomycota_Sordariomycetes_Hypocreales_Nectriaceae_unclassified_unclassified_1cd69f67a2d7fe701109b2c1d351bf83",1.17491204853305,0.0037895830426527,0.586832929535798,0.00645768642473824,0.994847547514237,NA
